1673286328, /index.html, 156.34.223.65
1231242331, /admin/console.html, 16.43.78.23
3672232444, /index.html, 121.45.45.23
1673286328, /index.html, 156.341.23.65
1231242331, /admin/console.html, 163.43.78.23
3672232444, /index.html, 12.45.45.23
1673286328, /index.html, 156.34.23.65
1231242331, /admin/console.html, 16.43.78.23
3672232444, /index.html, 122.45.45.23
1673286328, /index.html, 156.34.223.65
1231242331, /admin/console.html, 16.43.78.23
3672232444, /index.html, 122.455.45.23
1673286328, /index.html, 156.34.23.65
1231242331, /admin/console.html, 16.43.78.23
3672232444, /index.html, 123.45.45.23